time,obj,cube_scale,topk,seed,ee_index,ik_iters,ik_attempts,joint_force,descent_step,descend_clear,vel_close,pos_close,squeeze,fast,fast_scale,n_trials,success_count,success_rate
2025-10-29 11:30:58,cube.urdf,0.08,12,123,11,1000,8,1200.0,0.002,0.02,0.3,950.0,0.4,0,0.9,12,12,1.0
2025-10-29 14:10:29,cube.urdf,0.08,12,123,11,1000,8,1200.0,0.002,0.02,0.3,950.0,0.4,1,0.85,12,12,1.0
2025-10-29 14:48:32,cube.urdf,0.08,12,123,11,1000,8,1200.0,0.002,0.02,0.3,950.0,0.4,1,0.85,12,12,1.0
2025-10-29 15:11:32,cube.urdf,0.08,12,123,11,1000,8,1200.0,0.002,0.02,0.3,950.0,0.4,1,0.85,12,12,1.0
2025-10-29 15:23:45,cube.urdf,0.08,12,123,11,1000,8,1200.0,0.002,0.02,0.3,950.0,0.4,1,0.85,12,12,1.0
2025-10-29 16:22:56,cube.urdf,0.08,12,123,11,1000,8,1200.0,0.002,0.02,0.3,950.0,0.4,1,0.85,12,12,1.0
2025-10-29 16:38:57,cube.urdf,0.08,12,123,11,1000,8,1200.0,0.002,0.02,0.3,950.0,0.4,1,0.85,12,12,1.0
2025-10-29 17:07:52,cube.urdf,0.08,12,123,11,1000,8,1200.0,0.002,0.02,0.3,950.0,0.4,1,0.85,12,12,1.0
2025-10-29 18:14:20,cube.urdf,0.08,12,1,11,1000,8,1200.0,0.002,0.02,0.3,950.0,0.4,1,0.85,12,12,1.0
2025-10-29 18:25:58,cube.urdf,0.08,12,2,11,1000,8,1200.0,0.002,0.02,0.3,950.0,0.4,1,0.85,12,12,1.0
2025-10-29 18:37:44,cube.urdf,0.08,12,3,11,1000,8,1200.0,0.002,0.02,0.3,950.0,0.4,1,0.85,12,12,1.0
2025-10-29 19:53:04,cube.urdf,0.05,50,123,11,1000,8,1200.0,0.002,0.02,0.3,950.0,0.4,1,0.85,50,50,1.0
2025-10-29 20:19:51,cube.urdf,0.12,50,123,11,1000,8,1200.0,0.002,0.02,0.3,950.0,0.4,1,0.85,50,50,1.0
2025-10-29 23:16:27,cube.urdf,0.08,12,123,11,1000,8,1200.0,0.002,0.02,0.3,950.0,0.4,1,0.85,12,12,1.0
2025-10-30 14:49:37,cube.urdf,0.08,12,1,11,400,5,900.0,0.002,0.02,0.3,950.0,0.4,1,0.85,12,12,1.0
2025-10-30 15:00:45,cube.urdf,0.08,12,2,11,400,5,900.0,0.002,0.02,0.3,950.0,0.4,1,0.85,12,12,1.0
2025-10-30 15:11:56,cube.urdf,0.08,12,3,11,400,5,900.0,0.002,0.02,0.3,950.0,0.4,1,0.85,12,12,1.0
2025-10-30 17:35:42,cube.urdf,0.08,12,123,11,400,5,900.0,0.002,0.02,0.3,950.0,0.4,1,0.85,12,12,1.0
2025-10-30 18:31:50,cube.urdf,0.08,12,123,11,1000,8,1200.0,0.002,0.02,0.3,950.0,0.4,1,0.85,12,12,1.0
2025-10-30 18:43:54,cube.urdf,0.08,12,123,11,1000,8,1200.0,0.002,0.02,0.3,950.0,0.4,1,0.85,12,12,1.0
2025-10-30 18:55:15,cube.urdf,0.08,12,123,11,1000,8,1200.0,0.002,0.02,0.3,950.0,0.4,1,0.85,12,12,1.0
2025-10-30 20:07:34,cube.urdf,0.08,12,123,11,400,5,900.0,0.002,0.02,0.3,950.0,0.4,1,0.85,12,12,1.0
2025-10-30 21:06:56,cube.urdf,0.08,12,1,11,400,5,900.0,0.002,0.02,0.3,950.0,0.4,1,0.85,12,12,1.0
2025-10-30 21:17:03,cube.urdf,0.08,12,1,11,400,5,900.0,0.002,0.02,0.3,950.0,0.4,1,0.85,12,12,1.0
2025-10-30 21:27:03,cube.urdf,0.08,12,1,11,400,5,900.0,0.002,0.02,0.3,950.0,0.4,1,0.85,12,12,1.0
2025-10-30 21:37:10,cube.urdf,0.08,12,1,11,400,5,900.0,0.002,0.02,0.3,950.0,0.4,1,0.85,12,12,1.0
2025-10-30 21:47:04,cube.urdf,0.08,12,2,11,400,5,900.0,0.002,0.02,0.3,950.0,0.4,1,0.85,12,12,1.0
2025-10-30 21:56:49,cube.urdf,0.08,12,2,11,400,5,900.0,0.002,0.02,0.3,950.0,0.4,1,0.85,12,12,1.0
2025-10-30 22:06:53,cube.urdf,0.08,12,2,11,400,5,900.0,0.002,0.02,0.3,950.0,0.4,1,0.85,12,12,1.0
2025-10-30 22:16:33,cube.urdf,0.08,12,2,11,400,5,900.0,0.002,0.02,0.3,950.0,0.4,1,0.85,12,12,1.0
2025-10-30 22:27:13,cube.urdf,0.08,12,3,11,400,5,900.0,0.002,0.02,0.3,950.0,0.4,1,0.85,12,12,1.0
2025-10-30 22:37:26,cube.urdf,0.08,12,3,11,400,5,900.0,0.002,0.02,0.3,950.0,0.4,1,0.85,12,12,1.0
2025-10-30 22:47:56,cube.urdf,0.08,12,3,11,400,5,900.0,0.002,0.02,0.3,950.0,0.4,1,0.85,12,12,1.0
2025-10-30 22:58:23,cube.urdf,0.08,12,3,11,400,5,900.0,0.002,0.02,0.3,950.0,0.4,1,0.85,12,12,1.0
2025-10-31 02:00:00,cube.urdf,0.08,12,1,11,1000,8,1200.0,0.002,0.02,0.3,950.0,0.4,1,0.85,12,12,1.0
2025-10-31 02:10:13,cube.urdf,0.08,12,1,11,1000,8,1200.0,0.002,0.02,0.3,950.0,0.4,1,0.85,12,12,1.0
2025-10-31 02:18:14,cube.urdf,0.08,12,1,11,1000,8,1200.0,0.002,0.02,0.3,950.0,0.4,1,0.85,12,12,1.0
2025-10-31 02:28:00,cube.urdf,0.08,12,1,11,1000,8,1200.0,0.002,0.02,0.3,950.0,0.4,1,0.85,12,12,1.0
2025-10-31 02:37:46,cube.urdf,0.08,12,1,11,1000,8,1200.0,0.002,0.02,0.3,950.0,0.4,1,0.85,12,12,1.0
2025-10-31 02:45:47,cube.urdf,0.08,12,1,11,1000,8,1200.0,0.002,0.02,0.3,950.0,0.4,1,0.85,12,12,1.0
2025-10-31 02:55:43,cube.urdf,0.08,12,1,11,1000,8,1200.0,0.002,0.02,0.3,950.0,0.4,1,0.85,12,12,1.0
2025-10-31 03:05:32,cube.urdf,0.08,12,1,11,1000,8,1200.0,0.002,0.02,0.3,950.0,0.4,1,0.85,12,12,1.0
2025-10-31 03:13:52,cube.urdf,0.08,12,1,11,1000,8,1200.0,0.002,0.02,0.3,950.0,0.4,1,0.85,12,12,1.0
2025-10-31 03:23:31,cube.urdf,0.08,12,2,11,1000,8,1200.0,0.002,0.02,0.3,950.0,0.4,1,0.85,12,12,1.0
2025-10-31 03:33:38,cube.urdf,0.08,12,2,11,1000,8,1200.0,0.002,0.02,0.3,950.0,0.4,1,0.85,12,12,1.0
2025-10-31 03:41:35,cube.urdf,0.08,12,2,11,1000,8,1200.0,0.002,0.02,0.3,950.0,0.4,1,0.85,12,12,1.0
2025-10-31 03:51:32,cube.urdf,0.08,12,2,11,1000,8,1200.0,0.002,0.02,0.3,950.0,0.4,1,0.85,12,12,1.0
2025-10-31 04:01:46,cube.urdf,0.08,12,2,11,1000,8,1200.0,0.002,0.02,0.3,950.0,0.4,1,0.85,12,12,1.0
2025-10-31 04:09:58,cube.urdf,0.08,12,2,11,1000,8,1200.0,0.002,0.02,0.3,950.0,0.4,1,0.85,12,12,1.0
2025-10-31 04:19:50,cube.urdf,0.08,12,2,11,1000,8,1200.0,0.002,0.02,0.3,950.0,0.4,1,0.85,12,12,1.0
2025-10-31 04:29:45,cube.urdf,0.08,12,2,11,1000,8,1200.0,0.002,0.02,0.3,950.0,0.4,1,0.85,12,12,1.0
2025-10-31 04:37:50,cube.urdf,0.08,12,2,11,1000,8,1200.0,0.002,0.02,0.3,950.0,0.4,1,0.85,12,12,1.0
2025-10-31 04:47:39,cube.urdf,0.08,12,3,11,1000,8,1200.0,0.002,0.02,0.3,950.0,0.4,1,0.85,12,12,1.0
2025-10-31 04:57:45,cube.urdf,0.08,12,3,11,1000,8,1200.0,0.002,0.02,0.3,950.0,0.4,1,0.85,12,12,1.0
2025-10-31 05:05:52,cube.urdf,0.08,12,3,11,1000,8,1200.0,0.002,0.02,0.3,950.0,0.4,1,0.85,12,12,1.0
2025-10-31 05:15:38,cube.urdf,0.08,12,3,11,1000,8,1200.0,0.002,0.02,0.3,950.0,0.4,1,0.85,12,12,1.0
2025-10-31 05:25:41,cube.urdf,0.08,12,3,11,1000,8,1200.0,0.002,0.02,0.3,950.0,0.4,1,0.85,12,12,1.0
2025-10-31 05:33:56,cube.urdf,0.08,12,3,11,1000,8,1200.0,0.002,0.02,0.3,950.0,0.4,1,0.85,12,12,1.0
2025-10-31 05:43:27,cube.urdf,0.08,12,3,11,1000,8,1200.0,0.002,0.02,0.3,950.0,0.4,1,0.85,12,12,1.0
2025-10-31 05:53:33,cube.urdf,0.08,12,3,11,1000,8,1200.0,0.002,0.02,0.3,950.0,0.4,1,0.85,12,12,1.0
2025-10-31 06:01:35,cube.urdf,0.08,12,3,11,1000,8,1200.0,0.002,0.02,0.3,950.0,0.4,1,0.85,12,12,1.0
2025-10-31 17:14:43,cube.urdf,0.08,12,123,11,400,5,900.0,0.002,0.02,0.3,950.0,0.4,1,0.85,12,12,1.0
2025-10-31 17:27:25,cube.urdf,0.08,12,1,11,400,5,900.0,0.002,0.02,0.3,950.0,0.4,1,0.85,12,12,1.0
2025-10-31 17:37:30,cube.urdf,0.08,12,2,11,400,5,900.0,0.002,0.02,0.3,950.0,0.4,1,0.85,12,12,1.0
2025-10-31 17:47:16,cube.urdf,0.08,12,3,11,400,5,900.0,0.002,0.02,0.3,950.0,0.4,1,0.85,12,12,1.0
2025-10-31 17:57:03,cube.urdf,0.08,12,1,11,400,5,900.0,0.002,0.02,0.3,950.0,0.4,1,0.85,12,12,1.0
2025-10-31 18:07:27,cube.urdf,0.08,12,2,11,400,5,900.0,0.002,0.02,0.3,950.0,0.4,1,0.85,12,12,1.0
2025-10-31 18:17:54,cube.urdf,0.08,12,3,11,400,5,900.0,0.002,0.02,0.3,950.0,0.4,1,0.85,12,12,1.0
2025-10-31 18:28:51,cube.urdf,0.08,12,1,11,400,5,900.0,0.002,0.02,0.3,950.0,0.4,1,0.85,12,12,1.0
2025-10-31 18:40:18,cube.urdf,0.08,12,2,11,400,5,900.0,0.002,0.02,0.3,950.0,0.4,1,0.85,12,12,1.0
2025-10-31 18:51:41,cube.urdf,0.08,12,3,11,400,5,900.0,0.002,0.02,0.3,950.0,0.4,1,0.85,12,12,1.0
2025-10-31 19:03:09,cube.urdf,0.08,12,1,11,400,5,900.0,0.002,0.02,0.3,950.0,0.4,1,0.85,12,12,1.0
2025-10-31 19:13:36,cube.urdf,0.08,12,2,11,400,5,900.0,0.002,0.02,0.3,950.0,0.4,1,0.85,12,12,1.0
2025-10-31 19:24:07,cube.urdf,0.08,12,3,11,400,5,900.0,0.002,0.02,0.3,950.0,0.4,1,0.85,12,12,1.0
2025-10-31 19:34:20,cube.urdf,0.08,12,1,11,400,5,900.0,0.002,0.02,0.3,950.0,0.4,1,0.85,12,12,1.0
2025-10-31 19:44:27,cube.urdf,0.08,12,2,11,400,5,900.0,0.002,0.02,0.3,950.0,0.4,1,0.85,12,12,1.0
2025-10-31 19:54:57,cube.urdf,0.08,12,3,11,400,5,900.0,0.002,0.02,0.3,950.0,0.4,1,0.85,12,12,1.0
2025-10-31 20:05:00,cube.urdf,0.08,12,1,11,400,5,900.0,0.002,0.02,0.3,950.0,0.4,1,0.85,12,12,1.0
2025-10-31 20:15:08,cube.urdf,0.08,12,2,11,400,5,900.0,0.002,0.02,0.3,950.0,0.4,1,0.85,12,12,1.0
2025-10-31 20:26:45,cube.urdf,0.08,12,3,11,400,5,900.0,0.002,0.02,0.3,950.0,0.4,1,0.85,12,12,1.0
2025-10-31 20:36:32,cube.urdf,0.08,12,1,11,400,5,900.0,0.002,0.02,0.3,950.0,0.4,1,0.85,12,12,1.0
2025-10-31 20:45:22,cube.urdf,0.08,12,2,11,400,5,900.0,0.002,0.02,0.3,950.0,0.4,1,0.85,12,12,1.0
2025-10-31 20:54:41,cube.urdf,0.08,12,3,11,400,5,900.0,0.002,0.02,0.3,950.0,0.4,1,0.85,12,12,1.0
2025-10-31 21:03:35,cube.urdf,0.08,12,1,11,400,5,900.0,0.002,0.02,0.3,950.0,0.4,1,0.85,12,12,1.0
2025-10-31 21:13:23,cube.urdf,0.08,12,2,11,400,5,900.0,0.002,0.02,0.3,950.0,0.4,1,0.85,12,12,1.0
2025-10-31 21:21:35,cube.urdf,0.08,12,3,11,400,5,900.0,0.002,0.02,0.3,950.0,0.4,1,0.85,12,12,1.0
2025-10-31 21:29:55,cube.urdf,0.08,12,1,11,400,5,900.0,0.002,0.02,0.3,950.0,0.4,1,0.85,12,12,1.0
2025-10-31 21:38:00,cube.urdf,0.08,12,2,11,400,5,900.0,0.002,0.02,0.3,950.0,0.4,1,0.85,12,12,1.0
2025-10-31 21:46:20,cube.urdf,0.08,12,3,11,400,5,900.0,0.002,0.02,0.3,950.0,0.4,1,0.85,12,12,1.0
2025-10-31 21:56:42,cube.urdf,0.08,12,1,11,400,5,900.0,0.002,0.02,0.3,950.0,0.4,1,0.85,12,12,1.0
2025-10-31 22:07:04,cube.urdf,0.08,12,2,11,400,5,900.0,0.002,0.02,0.3,950.0,0.4,1,0.85,12,12,1.0
2025-10-31 22:17:09,cube.urdf,0.08,12,3,11,400,5,900.0,0.002,0.02,0.3,950.0,0.4,1,0.85,12,12,1.0
2025-10-31 22:26:59,cube.urdf,0.08,12,1,11,400,5,900.0,0.002,0.02,0.3,950.0,0.4,1,0.85,12,12,1.0
2025-10-31 22:36:51,cube.urdf,0.08,12,2,11,400,5,900.0,0.002,0.02,0.3,950.0,0.4,1,0.85,12,12,1.0
2025-10-31 22:46:54,cube.urdf,0.08,12,3,11,400,5,900.0,0.002,0.02,0.3,950.0,0.4,1,0.85,12,12,1.0
2025-10-31 22:56:57,cube.urdf,0.08,12,1,11,400,5,900.0,0.002,0.02,0.3,950.0,0.4,1,0.85,12,12,1.0
2025-10-31 23:06:53,cube.urdf,0.08,12,2,11,400,5,900.0,0.002,0.02,0.3,950.0,0.4,1,0.85,12,12,1.0
2025-10-31 23:17:07,cube.urdf,0.08,12,3,11,400,5,900.0,0.002,0.02,0.3,950.0,0.4,1,0.85,12,12,1.0
2025-10-31 23:27:03,cube.urdf,0.08,12,1,11,400,5,900.0,0.002,0.02,0.3,950.0,0.4,1,0.85,12,12,1.0
2025-10-31 23:37:02,cube.urdf,0.08,12,2,11,400,5,900.0,0.002,0.02,0.3,950.0,0.4,1,0.85,12,12,1.0
2025-10-31 23:47:13,cube.urdf,0.08,12,3,11,400,5,900.0,0.002,0.02,0.3,950.0,0.4,1,0.85,12,12,1.0
2025-10-31 23:57:15,cube.urdf,0.08,12,1,11,400,5,900.0,0.002,0.02,0.3,950.0,0.4,1,0.85,12,12,1.0
2025-11-01 00:07:30,cube.urdf,0.08,12,2,11,400,5,900.0,0.002,0.02,0.3,950.0,0.4,1,0.85,12,12,1.0
2025-11-01 00:17:28,cube.urdf,0.08,12,3,11,400,5,900.0,0.002,0.02,0.3,950.0,0.4,1,0.85,12,12,1.0
2025-11-01 00:27:22,cube.urdf,0.08,12,1,11,400,5,900.0,0.002,0.02,0.3,950.0,0.4,1,0.85,12,12,1.0
2025-11-01 00:37:51,cube.urdf,0.08,12,2,11,400,5,900.0,0.002,0.02,0.3,950.0,0.4,1,0.85,12,12,1.0
2025-11-01 00:47:51,cube.urdf,0.08,12,3,11,400,5,900.0,0.002,0.02,0.3,950.0,0.4,1,0.85,12,12,1.0
2025-11-01 00:56:13,cube.urdf,0.08,12,1,11,400,5,900.0,0.002,0.02,0.3,950.0,0.4,1,0.85,12,12,1.0
2025-11-01 01:04:43,cube.urdf,0.08,12,2,11,400,5,900.0,0.002,0.02,0.3,950.0,0.4,1,0.85,12,12,1.0
2025-11-01 01:12:49,cube.urdf,0.08,12,3,11,400,5,900.0,0.002,0.02,0.3,950.0,0.4,1,0.85,12,12,1.0
2025-11-01 01:21:02,cube.urdf,0.08,12,1,11,400,5,900.0,0.002,0.02,0.3,950.0,0.4,1,0.85,12,12,1.0
2025-11-01 01:29:29,cube.urdf,0.08,12,2,11,400,5,900.0,0.002,0.02,0.3,950.0,0.4,1,0.85,12,12,1.0
2025-11-01 01:37:40,cube.urdf,0.08,12,3,11,400,5,900.0,0.002,0.02,0.3,950.0,0.4,1,0.85,12,12,1.0
2025-11-01 01:45:45,cube.urdf,0.08,12,1,11,400,5,900.0,0.002,0.02,0.3,950.0,0.4,1,0.85,12,12,1.0
2025-11-01 01:54:06,cube.urdf,0.08,12,2,11,400,5,900.0,0.002,0.02,0.3,950.0,0.4,1,0.85,12,12,1.0
2025-11-01 02:02:28,cube.urdf,0.08,12,3,11,400,5,900.0,0.002,0.02,0.3,950.0,0.4,1,0.85,12,12,1.0
2025-11-01 02:12:31,cube.urdf,0.08,12,1,11,400,5,900.0,0.002,0.02,0.3,950.0,0.4,1,0.85,12,12,1.0
2025-11-01 02:22:36,cube.urdf,0.08,12,2,11,400,5,900.0,0.002,0.02,0.3,950.0,0.4,1,0.85,12,12,1.0
2025-11-01 02:32:26,cube.urdf,0.08,12,3,11,400,5,900.0,0.002,0.02,0.3,950.0,0.4,1,0.85,12,12,1.0
2025-11-01 02:42:10,cube.urdf,0.08,12,1,11,400,5,900.0,0.002,0.02,0.3,950.0,0.4,1,0.85,12,12,1.0
2025-11-01 02:52:15,cube.urdf,0.08,12,2,11,400,5,900.0,0.002,0.02,0.3,950.0,0.4,1,0.85,12,12,1.0
2025-11-01 03:02:19,cube.urdf,0.08,12,3,11,400,5,900.0,0.002,0.02,0.3,950.0,0.4,1,0.85,12,12,1.0
2025-11-01 03:12:28,cube.urdf,0.08,12,1,11,400,5,900.0,0.002,0.02,0.3,950.0,0.4,1,0.85,12,12,1.0
2025-11-01 03:22:49,cube.urdf,0.08,12,2,11,400,5,900.0,0.002,0.02,0.3,950.0,0.4,1,0.85,12,12,1.0
2025-11-01 03:32:40,cube.urdf,0.08,12,3,11,400,5,900.0,0.002,0.02,0.3,950.0,0.4,1,0.85,12,12,1.0
2025-11-01 03:42:30,cube.urdf,0.08,12,1,11,400,5,900.0,0.002,0.02,0.3,950.0,0.4,1,0.85,12,12,1.0
2025-11-01 03:52:26,cube.urdf,0.08,12,2,11,400,5,900.0,0.002,0.02,0.3,950.0,0.4,1,0.85,12,12,1.0
2025-11-01 04:02:28,cube.urdf,0.08,12,3,11,400,5,900.0,0.002,0.02,0.3,950.0,0.4,1,0.85,12,12,1.0
2025-11-01 04:12:24,cube.urdf,0.08,12,1,11,400,5,900.0,0.002,0.02,0.3,950.0,0.4,1,0.85,12,12,1.0
2025-11-01 04:22:14,cube.urdf,0.08,12,2,11,400,5,900.0,0.002,0.02,0.3,950.0,0.4,1,0.85,12,12,1.0
2025-11-01 04:32:05,cube.urdf,0.08,12,3,11,400,5,900.0,0.002,0.02,0.3,950.0,0.4,1,0.85,12,12,1.0
2025-11-01 04:42:03,cube.urdf,0.08,12,1,11,400,5,900.0,0.002,0.02,0.3,950.0,0.4,1,0.85,12,12,1.0
2025-11-01 04:52:08,cube.urdf,0.08,12,2,11,400,5,900.0,0.002,0.02,0.3,950.0,0.4,1,0.85,12,12,1.0
2025-11-01 05:02:20,cube.urdf,0.08,12,3,11,400,5,900.0,0.002,0.02,0.3,950.0,0.4,1,0.85,12,12,1.0
2025-11-01 05:10:47,cube.urdf,0.08,12,1,11,400,5,900.0,0.002,0.02,0.3,950.0,0.4,1,0.85,12,12,1.0
2025-11-01 05:19:08,cube.urdf,0.08,12,2,11,400,5,900.0,0.002,0.02,0.3,950.0,0.4,1,0.85,12,12,1.0
2025-11-01 05:27:30,cube.urdf,0.08,12,3,11,400,5,900.0,0.002,0.02,0.3,950.0,0.4,1,0.85,12,12,1.0
2025-11-01 05:35:41,cube.urdf,0.08,12,1,11,400,5,900.0,0.002,0.02,0.3,950.0,0.4,1,0.85,12,12,1.0
2025-11-01 05:44:01,cube.urdf,0.08,12,2,11,400,5,900.0,0.002,0.02,0.3,950.0,0.4,1,0.85,12,12,1.0
2025-11-01 05:52:12,cube.urdf,0.08,12,3,11,400,5,900.0,0.002,0.02,0.3,950.0,0.4,1,0.85,12,12,1.0
2025-11-01 06:00:10,cube.urdf,0.08,12,1,11,400,5,900.0,0.002,0.02,0.3,950.0,0.4,1,0.85,12,12,1.0
2025-11-01 06:08:16,cube.urdf,0.08,12,2,11,400,5,900.0,0.002,0.02,0.3,950.0,0.4,1,0.85,12,12,1.0
2025-11-01 06:16:34,cube.urdf,0.08,12,3,11,400,5,900.0,0.002,0.02,0.3,950.0,0.4,1,0.85,12,12,1.0
2025-11-01 10:42:09,cube.urdf,0.08,12,1,11,400,5,900.0,0.002,0.02,0.3,950.0,0.4,1,0.85,12,12,1.0
2025-11-01 11:06:26,cube.urdf,0.08,12,1,11,400,5,900.0,0.002,0.02,0.3,950.0,0.4,1,0.85,12,12,1.0
2025-11-01 13:37:54,cube.urdf,0.08,12,1,11,400,5,900.0,0.002,0.02,0.3,950.0,0.4,1,0.85,12,12,1.0
2025-11-01 13:47:14,cube.urdf,0.08,12,1,11,400,5,900.0,0.002,0.02,0.3,950.0,0.4,1,0.85,12,12,1.0
2025-11-01 13:57:44,cube.urdf,0.08,12,1,11,400,5,900.0,0.002,0.02,0.3,950.0,0.4,1,0.85,12,12,1.0
2025-11-01 14:07:48,cube.urdf,0.08,12,2,11,400,5,900.0,0.002,0.02,0.3,950.0,0.4,1,0.85,12,12,1.0
2025-11-01 15:12:34,cube.urdf,0.08,12,1,11,400,5,900.0,0.002,0.02,0.3,950.0,0.4,1,0.85,12,12,1.0
2025-11-01 15:50:36,cube.urdf,0.08,12,1,11,400,5,900.0,0.002,0.02,0.3,950.0,0.4,1,0.85,12,12,1.0
2025-11-01 16:45:46,cube.urdf,0.08,12,1,11,400,5,900.0,0.002,0.02,0.3,950.0,0.4,1,0.85,12,12,1.0
2025-11-01 16:55:23,cube.urdf,0.08,12,2,11,400,5,900.0,0.002,0.02,0.3,950.0,0.4,1,0.85,12,12,1.0
2025-11-01 17:05:22,cube.urdf,0.08,12,3,11,400,5,900.0,0.002,0.02,0.3,950.0,0.4,1,0.85,12,12,1.0
2025-11-01 17:15:08,cube.urdf,0.08,12,1,11,400,5,900.0,0.002,0.02,0.3,950.0,0.4,1,0.85,12,12,1.0
2025-11-01 17:25:16,cube.urdf,0.08,12,2,11,400,5,900.0,0.002,0.02,0.3,950.0,0.4,1,0.85,12,12,1.0
2025-11-01 17:34:50,cube.urdf,0.08,12,3,11,400,5,900.0,0.002,0.02,0.3,950.0,0.4,1,0.85,12,12,1.0
2025-11-01 17:46:00,cube.urdf,0.08,12,1,11,400,5,900.0,0.002,0.02,0.3,950.0,0.4,1,0.85,12,12,1.0
2025-11-01 17:56:09,cube.urdf,0.08,12,2,11,400,5,900.0,0.002,0.02,0.3,950.0,0.4,1,0.85,12,12,1.0
2025-11-01 18:06:28,cube.urdf,0.08,12,3,11,400,5,900.0,0.002,0.02,0.3,950.0,0.4,1,0.85,12,12,1.0
2025-11-01 18:17:03,cube.urdf,0.08,12,1,11,400,5,900.0,0.002,0.02,0.3,950.0,0.4,1,0.85,12,12,1.0
2025-11-01 18:27:56,cube.urdf,0.08,12,2,11,400,5,900.0,0.002,0.02,0.3,950.0,0.4,1,0.85,12,12,1.0
2025-11-01 18:39:38,cube.urdf,0.08,12,3,11,400,5,900.0,0.002,0.02,0.3,950.0,0.4,1,0.85,12,12,1.0
2025-11-01 18:49:42,cube.urdf,0.08,12,1,11,400,5,900.0,0.002,0.02,0.3,950.0,0.4,1,0.85,12,12,1.0
2025-11-01 18:58:52,cube.urdf,0.08,12,2,11,400,5,900.0,0.002,0.02,0.3,950.0,0.4,1,0.85,12,12,1.0
2025-11-01 19:08:10,cube.urdf,0.08,12,3,11,400,5,900.0,0.002,0.02,0.3,950.0,0.4,1,0.85,12,12,1.0
2025-11-01 19:16:50,cube.urdf,0.08,12,1,11,400,5,900.0,0.002,0.02,0.3,950.0,0.4,1,0.85,12,12,1.0
2025-11-01 19:26:03,cube.urdf,0.08,12,2,11,400,5,900.0,0.002,0.02,0.3,950.0,0.4,1,0.85,12,12,1.0
2025-11-01 19:34:56,cube.urdf,0.08,12,3,11,400,5,900.0,0.002,0.02,0.3,950.0,0.4,1,0.85,12,12,1.0
2025-11-01 19:45:24,cube.urdf,0.08,12,1,11,400,5,900.0,0.002,0.02,0.3,950.0,0.4,1,0.85,12,12,1.0
2025-11-01 19:55:23,cube.urdf,0.08,12,2,11,400,5,900.0,0.002,0.02,0.3,950.0,0.4,1,0.85,12,12,1.0
2025-11-01 20:05:17,cube.urdf,0.08,12,3,11,400,5,900.0,0.002,0.02,0.3,950.0,0.4,1,0.85,12,12,1.0
2025-11-01 20:15:25,cube.urdf,0.08,12,1,11,400,5,900.0,0.002,0.02,0.3,950.0,0.4,1,0.85,12,12,1.0
2025-11-01 20:25:41,cube.urdf,0.08,12,2,11,400,5,900.0,0.002,0.02,0.3,950.0,0.4,1,0.85,12,12,1.0
2025-11-01 20:35:40,cube.urdf,0.08,12,3,11,400,5,900.0,0.002,0.02,0.3,950.0,0.4,1,0.85,12,12,1.0
2025-11-01 20:45:22,cube.urdf,0.08,12,1,11,400,5,900.0,0.002,0.02,0.3,950.0,0.4,1,0.85,12,12,1.0
2025-11-01 20:55:22,cube.urdf,0.08,12,2,11,400,5,900.0,0.002,0.02,0.3,950.0,0.4,1,0.85,12,12,1.0
2025-11-01 21:05:29,cube.urdf,0.08,12,3,11,400,5,900.0,0.002,0.02,0.3,950.0,0.4,1,0.85,12,12,1.0
2025-11-01 21:15:44,cube.urdf,0.08,12,1,11,400,5,900.0,0.002,0.02,0.3,950.0,0.4,1,0.85,12,12,1.0
2025-11-01 21:25:55,cube.urdf,0.08,12,2,11,400,5,900.0,0.002,0.02,0.3,950.0,0.4,1,0.85,12,12,1.0
2025-11-01 21:36:11,cube.urdf,0.08,12,3,11,400,5,900.0,0.002,0.02,0.3,950.0,0.4,1,0.85,12,12,1.0
2025-11-01 21:44:16,cube.urdf,0.08,12,1,11,400,5,900.0,0.002,0.02,0.3,950.0,0.4,1,0.85,12,12,1.0
2025-11-01 21:52:29,cube.urdf,0.08,12,2,11,400,5,900.0,0.002,0.02,0.3,950.0,0.4,1,0.85,12,12,1.0
2025-11-01 22:00:48,cube.urdf,0.08,12,3,11,400,5,900.0,0.002,0.02,0.3,950.0,0.4,1,0.85,12,12,1.0
2025-11-01 22:08:52,cube.urdf,0.08,12,1,11,400,5,900.0,0.002,0.02,0.3,950.0,0.4,1,0.85,12,12,1.0
2025-11-01 22:17:16,cube.urdf,0.08,12,2,11,400,5,900.0,0.002,0.02,0.3,950.0,0.4,1,0.85,12,12,1.0
2025-11-01 22:25:39,cube.urdf,0.08,12,3,11,400,5,900.0,0.002,0.02,0.3,950.0,0.4,1,0.85,12,12,1.0
2025-11-01 22:36:13,cube.urdf,0.08,12,1,11,400,5,900.0,0.002,0.02,0.3,950.0,0.4,1,0.85,12,12,1.0
2025-11-01 22:47:08,cube.urdf,0.08,12,2,11,400,5,900.0,0.002,0.02,0.3,950.0,0.4,1,0.85,12,12,1.0
2025-11-01 22:58:44,cube.urdf,0.08,12,3,11,400,5,900.0,0.002,0.02,0.3,950.0,0.4,1,0.85,12,12,1.0
2025-11-01 23:10:01,cube.urdf,0.08,12,1,11,400,5,900.0,0.002,0.02,0.3,950.0,0.4,1,0.85,12,12,1.0
2025-11-01 23:21:23,cube.urdf,0.08,12,2,11,400,5,900.0,0.002,0.02,0.3,950.0,0.4,1,0.85,12,12,1.0
2025-11-01 23:31:24,cube.urdf,0.08,12,3,11,400,5,900.0,0.002,0.02,0.3,950.0,0.4,1,0.85,12,12,1.0
2025-11-01 23:41:39,cube.urdf,0.08,12,1,11,400,5,900.0,0.002,0.02,0.3,950.0,0.4,1,0.85,12,12,1.0
2025-11-01 23:51:36,cube.urdf,0.08,12,2,11,400,5,900.0,0.002,0.02,0.3,950.0,0.4,1,0.85,12,12,1.0
2025-11-02 00:01:32,cube.urdf,0.08,12,3,11,400,5,900.0,0.002,0.02,0.3,950.0,0.4,1,0.85,12,12,1.0
2025-11-02 00:11:35,cube.urdf,0.08,12,1,11,400,5,900.0,0.002,0.02,0.3,950.0,0.4,1,0.85,12,12,1.0
2025-11-02 00:21:53,cube.urdf,0.08,12,2,11,400,5,900.0,0.002,0.02,0.3,950.0,0.4,1,0.85,12,12,1.0
2025-11-02 00:32:17,cube.urdf,0.08,12,3,11,400,5,900.0,0.002,0.02,0.3,950.0,0.4,1,0.85,12,12,1.0
2025-11-02 00:40:44,cube.urdf,0.08,12,1,11,400,5,900.0,0.002,0.02,0.3,950.0,0.4,1,0.85,12,12,1.0
2025-11-02 00:49:09,cube.urdf,0.08,12,2,11,400,5,900.0,0.002,0.02,0.3,950.0,0.4,1,0.85,12,12,1.0
2025-11-02 00:57:37,cube.urdf,0.08,12,3,11,400,5,900.0,0.002,0.02,0.3,950.0,0.4,1,0.85,12,12,1.0
2025-11-02 01:06:09,cube.urdf,0.08,12,1,11,400,5,900.0,0.002,0.02,0.3,950.0,0.4,1,0.85,12,12,1.0
2025-11-02 01:14:40,cube.urdf,0.08,12,2,11,400,5,900.0,0.002,0.02,0.3,950.0,0.4,1,0.85,12,12,1.0
2025-11-02 01:22:58,cube.urdf,0.08,12,3,11,400,5,900.0,0.002,0.02,0.3,950.0,0.4,1,0.85,12,12,1.0
2025-11-02 11:19:08,sphere_small.urdf,0.08,12,1,11,400,5,900.0,0.002,0.02,0.3,950.0,0.4,1,0.85,12,0,0.0
2025-11-02 11:31:06,sphere_small.urdf,0.08,12,2,11,400,5,900.0,0.002,0.02,0.3,950.0,0.4,1,0.85,12,0,0.0
2025-11-02 12:34:14,cube.urdf,0.08,12,1,11,400,5,900.0,0.002,0.02,0.3,950.0,0.4,1,0.85,12,12,1.0
2025-11-02 21:01:48,cube.urdf,0.08,12,1,11,400,5,900.0,0.002,0.02,0.3,950.0,0.4,1,0.85,12,12,1.0
2025-11-02 21:24:34,cube.urdf,0.08,12,1,11,400,5,900.0,0.002,0.02,0.3,950.0,0.4,1,0.85,12,12,1.0
2025-11-02 22:02:02,sphere_small.urdf,0.08,12,1,11,400,5,900.0,0.002,0.02,0.25,900,0.35,1,0.85,12,0,0.0
2025-11-02 22:19:49,grasp_6dof/assets/cylinder.urdf,0.08,12,1,11,400,5,900.0,0.002,0.02,0.3,950.0,0.4,1,0.85,12,0,0.0
2025-11-02 22:20:52,sphere_small.urdf,0.08,12,1,11,400,5,900.0,0.002,0.02,0.3,950.0,0.4,1,0.85,12,0,0.0
2025-11-02 22:22:49,grasp_6dof/assets/cylinder.urdf,0.08,12,1,11,400,5,900.0,0.002,0.02,0.3,950.0,0.4,1,0.85,12,0,0.0
2025-11-02 22:23:58,sphere_small.urdf,0.08,12,1,11,400,5,900.0,0.002,0.02,0.3,950.0,0.4,1,0.85,12,0,0.0
2025-11-09 21:34:01,grasp_6dof/assets/cylinder.urdf,0.08,12,1,11,400,5,900.0,0.002,0.02,0.3,950.0,0.4,1,0.85,12,0,0.0
2025-11-09 21:35:54,sphere_small.urdf,0.08,12,1,11,400,5,900.0,0.002,0.02,0.3,950.0,0.4,1,0.85,12,12,1.0
2025-11-09 23:19:37,grasp_6dof/assets/cylinder.urdf,0.08,12,1,11,400,5,900.0,0.002,0.02,0.3,950.0,0.4,1,0.85,12,0,0.0
2025-11-09 23:20:33,sphere_small.urdf,0.08,12,1,11,400,5,900.0,0.002,0.02,0.3,950.0,0.4,1,0.85,12,0,0.0
2025-11-09 23:44:03,grasp_6dof/assets/cylinder.urdf,0.08,12,1,11,400,5,900.0,0.002,0.02,0.3,950.0,0.4,1,0.85,12,8,0.6667
2025-11-09 23:44:54,sphere_small.urdf,0.08,12,1,11,400,5,900.0,0.002,0.02,0.3,950.0,0.4,1,0.85,12,0,0.0
2025-11-10 00:01:21,grasp_6dof/assets/cylinder.urdf,0.08,12,1,11,400,5,900.0,0.002,0.02,0.3,950.0,0.4,1,0.85,12,9,0.75
2025-11-10 00:02:15,sphere_small.urdf,0.08,12,1,11,400,5,900.0,0.002,0.025,0.4,1100.0,0.5,1,0.85,12,0,0.0
2025-11-10 02:35:37,sphere_small.urdf,0.08,12,1,11,400,5,900.0,0.002,0.025,0.4,1100.0,0.5,1,0.85,12,0,0.0
2025-11-10 03:15:58,sphere_small.urdf,0.08,12,1,11,400,5,900.0,0.002,0.025,0.4,1100.0,0.5,1,0.85,12,0,0.0
2025-11-13 20:08:02,sphere_small.urdf,0.08,12,1,11,400,5,900.0,0.002,0.025,0.4,1100.0,0.5,1,0.85,12,0,0.0
2025-11-13 22:18:25,sphere_small.urdf,0.08,12,1,11,400,5,900.0,0.002,0.025,0.4,1100.0,0.5,1,0.85,12,12,1.0
2025-11-13 23:34:59,grasp_6dof/assets/cylinder.urdf,0.08,12,1,11,400,5,900.0,0.002,0.025,0.4,1100.0,0.5,1,0.85,12,5,0.4167
2025-11-13 23:35:58,grasp_6dof/assets/cylinder.urdf,0.08,12,2,11,400,5,900.0,0.002,0.025,0.4,1100.0,0.5,1,0.85,12,5,0.4167
2025-11-13 23:36:58,grasp_6dof/assets/cylinder.urdf,0.08,12,3,11,400,5,900.0,0.002,0.025,0.4,1100.0,0.5,1,0.85,12,5,0.4167
2025-11-13 23:37:52,grasp_6dof/assets/cylinder.urdf,0.08,12,4,11,400,5,900.0,0.002,0.025,0.4,1100.0,0.5,1,0.85,12,5,0.4167
2025-11-13 23:38:43,grasp_6dof/assets/cylinder.urdf,0.08,12,5,11,400,5,900.0,0.002,0.025,0.4,1100.0,0.5,1,0.85,12,5,0.4167
2025-11-13 23:39:34,grasp_6dof/assets/sphere_small.urdf,0.08,12,1,11,400,5,900.0,0.002,0.025,0.4,1100.0,0.5,1,0.85,12,12,1.0
2025-11-13 23:40:24,grasp_6dof/assets/sphere_small.urdf,0.08,12,2,11,400,5,900.0,0.002,0.025,0.4,1100.0,0.5,1,0.85,12,12,1.0
2025-11-13 23:41:14,grasp_6dof/assets/sphere_small.urdf,0.08,12,3,11,400,5,900.0,0.002,0.025,0.4,1100.0,0.5,1,0.85,12,12,1.0
2025-11-13 23:42:04,grasp_6dof/assets/sphere_small.urdf,0.08,12,4,11,400,5,900.0,0.002,0.025,0.4,1100.0,0.5,1,0.85,12,12,1.0
2025-11-13 23:42:54,grasp_6dof/assets/sphere_small.urdf,0.08,12,5,11,400,5,900.0,0.002,0.025,0.4,1100.0,0.5,1,0.85,12,12,1.0
2025-11-14 00:22:03,grasp_6dof/assets/cylinder.urdf,0.08,12,1,11,400,5,900.0,0.002,0.025,0.4,1100.0,0.5,1,0.85,12,4,0.3333
2025-11-14 00:29:06,grasp_6dof/assets/cylinder.urdf,0.08,12,1,11,400,5,900.0,0.002,0.025,0.4,1100.0,0.5,1,0.85,12,4,0.3333
2025-11-14 00:34:44,grasp_6dof/assets/cylinder.urdf,0.08,12,1,11,400,5,900.0,0.002,0.025,0.4,1100.0,0.5,1,0.85,12,4,0.3333
2025-11-14 00:44:27,grasp_6dof/assets/cylinder.urdf,0.08,12,1,11,400,5,900.0,0.002,0.025,0.4,1100.0,0.5,1,0.85,12,4,0.3333
2025-11-14 00:56:09,grasp_6dof/assets/cylinder.urdf,0.08,12,1,11,400,5,900.0,0.002,0.025,0.4,1100.0,0.5,1,0.85,12,4,0.3333
2025-11-14 01:20:19,grasp_6dof/assets/cylinder.urdf,0.08,12,1,11,400,5,900.0,0.002,0.025,0.4,1100.0,0.5,1,0.85,12,4,0.3333
2025-11-14 01:34:46,grasp_6dof/assets/cylinder.urdf,0.08,12,1,11,400,5,900.0,0.001,0.025,0.5,1300.0,0.7,1,0.85,12,1,0.0833
2025-11-14 19:35:40,grasp_6dof/assets/cylinder.urdf,0.08,12,1,11,400,5,900.0,0.001,0.025,0.5,1300.0,0.7,1,0.85,12,1,0.0833
2025-11-14 19:52:24,grasp_6dof/assets/cylinder.urdf,0.08,12,1,11,400,5,900.0,0.001,0.025,0.4,1100.0,0.5,1,0.85,12,6,0.5
2025-11-14 20:07:59,grasp_6dof/assets/cylinder.urdf,0.08,12,1,11,400,5,900.0,0.001,0.025,0.4,1100.0,0.5,1,0.85,12,6,0.5
2025-11-14 20:09:28,grasp_6dof/assets/cylinder.urdf,0.08,12,1,11,400,5,900.0,0.001,0.025,0.4,1100.0,0.7,1,0.85,12,7,0.5833
2025-11-14 20:11:02,grasp_6dof/assets/cylinder.urdf,0.08,12,1,11,400,5,900.0,0.001,0.025,0.4,1100.0,1.0,1,0.85,12,6,0.5
2025-11-14 20:12:28,grasp_6dof/assets/cylinder.urdf,0.08,12,1,11,400,5,900.0,0.001,0.025,0.4,1300.0,0.5,1,0.85,12,4,0.3333
2025-11-14 20:13:58,grasp_6dof/assets/cylinder.urdf,0.08,12,1,11,400,5,900.0,0.001,0.025,0.4,1300.0,0.7,1,0.85,12,4,0.3333
2025-11-14 20:15:32,grasp_6dof/assets/cylinder.urdf,0.08,12,1,11,400,5,900.0,0.001,0.025,0.4,1300.0,1.0,1,0.85,12,4,0.3333
2025-11-14 20:16:57,grasp_6dof/assets/cylinder.urdf,0.08,12,1,11,400,5,900.0,0.001,0.025,0.4,1500.0,0.5,1,0.85,12,1,0.0833
2025-11-14 20:18:26,grasp_6dof/assets/cylinder.urdf,0.08,12,1,11,400,5,900.0,0.001,0.025,0.4,1500.0,0.7,1,0.85,12,2,0.1667
2025-11-14 20:20:00,grasp_6dof/assets/cylinder.urdf,0.08,12,1,11,400,5,900.0,0.001,0.025,0.4,1500.0,1.0,1,0.85,12,2,0.1667
2025-11-14 20:32:25,grasp_6dof/assets/cylinder.urdf,0.08,12,1,11,400,5,900.0,0.001,0.025,0.4,1100.0,0.7,1,0.85,12,7,0.5833
2025-11-14 20:34:52,grasp_6dof/assets/cylinder.urdf,0.08,12,1,11,400,5,900.0,0.001,0.025,0.5,1100.0,0.7,1,0.85,12,6,0.5
2025-11-14 20:55:20,grasp_6dof/assets/cylinder.urdf,0.08,12,1,11,400,5,900.0,0.001,0.025,0.4,1100.0,0.7,1,0.85,12,1,0.0833
2025-11-14 20:56:49,grasp_6dof/assets/cylinder.urdf,0.08,12,7,11,400,5,900.0,0.001,0.025,0.4,1100.0,0.7,1,0.85,12,1,0.0833
2025-11-14 20:58:18,grasp_6dof/assets/cylinder.urdf,0.08,12,13,11,400,5,900.0,0.001,0.025,0.4,1100.0,0.7,1,0.85,12,1,0.0833
2025-11-14 21:18:22,grasp_6dof/assets/cylinder.urdf,0.08,12,1,11,400,5,900.0,0.001,0.025,0.4,1100.0,0.7,1,0.85,12,1,0.0833
2025-11-14 21:19:38,grasp_6dof/assets/cylinder.urdf,0.08,12,7,11,400,5,900.0,0.001,0.025,0.4,1100.0,0.7,1,0.85,12,1,0.0833
2025-11-14 21:20:53,grasp_6dof/assets/cylinder.urdf,0.08,12,13,11,400,5,900.0,0.001,0.025,0.4,1100.0,0.7,1,0.85,12,1,0.0833
2025-11-15 18:44:46,grasp_6dof/assets/cylinder.urdf,0.08,12,1,11,400,5,900.0,0.001,0.025,0.4,1100.0,0.7,0,0.9,12,0,0.0,other,grasp_6dof/dataset/gen_cylinder_patched_pruned.json,cylinder.urdf_pc1100_sq0.7_topk12_gen_cylinder_patched_pruned
2025-11-15 18:53:34,grasp_6dof/assets/cylinder.urdf,0.08,12,1,11,400,5,900.0,0.001,0.025,0.4,1100.0,0.7,0,0.9,12,0,0.0,other,grasp_6dof/dataset/gen_cylinder_patched_pruned.json,cylinder.urdf_pc1100_sq0.7_topk12_gen_cylinder_patched_pruned
2025-11-15 18:56:35,grasp_6dof/assets/cylinder.urdf,0.08,12,1,11,400,5,900.0,0.001,0.025,0.4,1100.0,0.7,0,0.9,12,0,0.0,other,grasp_6dof/dataset/gen_cylinder_patched_pruned.json,cylinder.urdf_pc1100_sq0.7_topk12_gen_cylinder_patched_pruned
2025-11-15 19:31:35,grasp_6dof/assets/cylinder.urdf,0.08,12,1,11,400,5,900.0,0.001,0.025,0.4,1100.0,0.7,0,0.9,12,0,0.0,other,grasp_6dof/dataset/gen_cylinder_patched_pruned.json,cylinder.urdf_pc1100_sq0.7_topk12_gen_cylinder_patched_pruned
2025-11-15 20:49:01,grasp_6dof/assets/cylinder.urdf,0.08,12,1,11,400,5,900.0,0.001,0.03,0.55,1500.0,0.8,0,0.9,12,4,0.3333,other,grasp_6dof/dataset/gen_cylinder_patched_pruned.json,cylinder.urdf_pc1500_sq0.8_topk12_gen_cylinder_patched_pruned
2025-11-15 20:57:29,grasp_6dof/assets/cylinder.urdf,0.08,12,1,11,400,5,900.0,0.0007,0.03,0.55,1600.0,1.0,0,0.9,12,0,0.0,other,grasp_6dof/dataset/gen_cylinder_patched_pruned.json,cylinder.urdf_pc1600_sq1.0_topk12_gen_cylinder_patched_pruned
2025-11-15 21:01:03,grasp_6dof/assets/cylinder.urdf,0.08,12,1,11,400,5,900.0,0.001,0.03,0.55,1500.0,0.8,0,0.9,12,4,0.3333,other,grasp_6dof/dataset/gen_cylinder_patched_pruned.json,cylinder.urdf_pc1500_sq0.8_topk12_gen_cylinder_patched_pruned
2025-11-15 21:30:57,grasp_6dof/assets/cylinder.urdf,0.08,12,1,11,400,5,900.0,0.0007,0.03,0.5,1800.0,1.2,0,0.9,12,0,0.0,other,grasp_6dof/dataset/gen_cylinder_patched_pruned.json,cylinder.urdf_pc1800_sq1.2_topk12_gen_cylinder_patched_pruned
2025-11-15 22:47:30,grasp_6dof/assets/cylinder.urdf,0.08,12,1,11,400,5,900.0,0.0008,0.03,0.5,1800.0,1.2,0,0.9,12,0,0.0,sphere_like,grasp_6dof/dataset/gen_cylinder_patched_pruned.json,cylinder.urdf_pc1800_sq1.2_topk12_gen_cylinder_patched_pruned
2025-11-16 12:07:11,grasp_6dof/assets/cylinder.urdf,0.08,12,1,11,400,5,900.0,0.0008,0.03,0.55,1800.0,1.2,0,0.9,12,0,0.0,other,grasp_6dof/dataset/gen_cylinder_patched_pruned.json,cylinder.urdf_pc1800_sq1.2_topk12_gen_cylinder_patched_pruned
2025-11-16 12:12:18,grasp_6dof/assets/cylinder.urdf,0.08,12,1,11,400,5,900.0,0.0008,0.03,0.55,1800.0,1.2,0,0.9,12,2,0.1667,other,grasp_6dof/dataset/gen_cylinder_patched_pruned.json,cylinder.urdf_pc1800_sq1.2_topk12_gen_cylinder_patched_pruned
2025-11-16 12:20:56,grasp_6dof/assets/cylinder.urdf,0.08,12,1,11,400,5,900.0,0.0008,0.03,0.55,1800.0,1.2,0,0.9,12,7,0.5833,sphere_like,grasp_6dof/dataset/gen_cylinder_patched_pruned.json,cylinder.urdf_pc1800_sq1.2_topk12_gen_cylinder_patched_pruned
2025-11-16 12:32:42,grasp_6dof/assets/cylinder.urdf,0.08,12,1,11,400,5,900.0,0.0007,0.03,0.55,2000.0,1.5,0,0.9,12,5,0.4167,other,grasp_6dof/dataset/gen_cylinder_patched_pruned.json,cylinder.urdf_pc2000_sq1.5_topk12_gen_cylinder_patched_pruned
2025-11-16 12:50:57,grasp_6dof/assets/cylinder.urdf,0.08,12,1,11,400,5,900.0,0.0007,0.03,0.55,2000.0,1.5,0,0.9,12,5,0.4167,other,grasp_6dof/dataset/gen_cylinder_patched_pruned.json,cylinder.urdf_pc2000_sq1.5_topk12_gen_cylinder_patched_pruned
2025-11-16 13:11:02,grasp_6dof/assets/cylinder.urdf,0.08,12,1,11,400,5,900.0,0.0007,0.03,0.55,2000.0,1.5,0,0.9,12,5,0.4167,other,grasp_6dof/dataset/gen_cylinder_patched_pruned.json,cylinder.urdf_pc2000_sq1.5_topk12_gen_cylinder_patched_pruned
2025-11-16 13:43:25,grasp_6dof/assets/cylinder.urdf,0.08,12,1,11,400,5,900.0,0.0007,0.03,0.55,2000.0,1.5,0,0.9,12,2,0.1667,other,grasp_6dof/dataset/gen_cylinder_patched_pruned.json,cylinder.urdf_pc2000_sq1.5_topk12_gen_cylinder_patched_pruned
2025-11-16 14:33:21,grasp_6dof/assets/cylinder.urdf,0.08,12,1,11,400,5,900.0,0.0007,0.03,0.55,2000.0,1.5,0,0.9,12,3,0.25,other,grasp_6dof/dataset/gen_cylinder_patched_pruned.json,cylinder.urdf_pc2000_sq1.5_topk12_gen_cylinder_patched_pruned
2025-11-16 14:45:11,grasp_6dof/assets/cylinder.urdf,0.08,12,1,11,400,5,900.0,0.0005,0.035,0.7,2400.0,1.8,0,0.9,12,1,0.0833,other,grasp_6dof/dataset/gen_cylinder_patched_pruned.json,cylinder.urdf_pc2400_sq1.8_topk12_gen_cylinder_patched_pruned
2025-11-16 15:10:21,grasp_6dof/assets/cylinder.urdf,0.08,12,1,11,400,5,900.0,0.0006,0.032,0.65,2200.0,1.5,0,0.9,12,2,0.1667,other,grasp_6dof/dataset/gen_cylinder_patched_pruned.json,cylinder.urdf_pc2200_sq1.5_topk12_gen_cylinder_patched_pruned
2025-11-16 15:26:06,grasp_6dof/assets/cylinder.urdf,0.08,12,1,11,400,5,900.0,0.0006,0.032,0.65,2200.0,1.5,0,0.9,12,1,0.0833,other,grasp_6dof/dataset/gen_cylinder_patched_pruned.json,cylinder.urdf_pc2200_sq1.5_topk12_gen_cylinder_patched_pruned
2025-11-16 15:58:05,grasp_6dof/assets/cylinder.urdf,0.08,12,1,11,400,5,900.0,0.0006,0.032,0.65,2200.0,1.5,0,0.9,12,4,0.3333,other,grasp_6dof/dataset/gen_cylinder_patched_pruned.json,cylinder.urdf_pc2200_sq1.5_topk12_gen_cylinder_patched_pruned
2025-11-16 16:10:57,grasp_6dof/assets/cylinder.urdf,0.08,24,1,11,400,5,900.0,0.0006,0.028,0.65,2000.0,1.5,0,0.9,24,5,0.2083,other,grasp_6dof/dataset/gen_cylinder_patched_pruned.json,cylinder.urdf_pc2000_sq1.5_topk24_gen_cylinder_patched_pruned
2025-11-16 18:03:53,grasp_6dof/assets/cylinder.urdf,0.08,24,1,11,400,5,900.0,0.0006,0.028,0.65,2000.0,1.5,0,0.9,24,0,0.0,other,grasp_6dof/dataset/gen_cylinder_patched_pruned.json,cylinder.urdf_pc2000_sq1.5_topk24_gen_cylinder_patched_pruned
2025-11-16 19:07:26,grasp_6dof/assets/cylinder.urdf,0.08,24,1,11,400,5,900.0,0.0006,0.028,0.65,2000.0,1.5,0,0.9,24,2,0.0833,other,grasp_6dof/dataset/gen_cylinder_patched_pruned.json,cylinder.urdf_pc2000_sq1.5_topk24_gen_cylinder_patched_pruned
2025-11-16 19:42:48,grasp_6dof/assets/cylinder.urdf,0.08,24,1,11,400,5,900.0,0.0006,0.028,0.65,2000.0,1.5,0,0.9,24,1,0.0417,other,grasp_6dof/dataset/gen_cylinder_patched_pruned.json,cylinder.urdf_pc2000_sq1.5_topk24_gen_cylinder_patched_pruned
2025-11-16 21:04:18,grasp_6dof/assets/cylinder.urdf,0.08,24,1,11,400,5,900.0,0.0007,0.02,0.55,2200.0,1.5,0,0.9,24,1,0.0417,other,grasp_6dof/dataset/gen_cylinder_patched_pruned.json,cylinder.urdf_pc2200_sq1.5_topk24_gen_cylinder_patched_pruned
2025-11-17 09:42:16,grasp_6dof/assets/cylinder.urdf,0.08,24,1,11,400,5,900.0,0.0007,0.02,0.55,2200.0,1.5,0,0.9,24,1,0.0417,other,grasp_6dof/dataset/gen_cylinder_patched_pruned.json,cylinder.urdf_pc2200_sq1.5_topk24_gen_cylinder_patched_pruned
2025-11-17 14:41:45,grasp_6dof/assets/cylinder.urdf,0.08,24,1,11,400,5,900.0,0.0006,0.024,0.65,2400.0,1.2,0,0.9,24,2,0.0833,other,grasp_6dof/dataset/gen_cylinder_patched_pruned.json,cylinder.urdf_pc2400_sq1.2_topk24_gen_cylinder_patched_pruned
2025-11-17 16:11:25,grasp_6dof/assets/cylinder.urdf,0.08,24,1,11,400,5,900.0,0.0006,0.024,0.65,2400.0,1.2,0,0.9,24,3,0.125,other,grasp_6dof/dataset/gen_cylinder_patched_pruned.json,cylinder.urdf_pc2400_sq1.2_topk24_gen_cylinder_patched_pruned
2025-11-17 17:33:46,grasp_6dof/assets/cylinder.urdf,0.08,24,1,11,400,5,900.0,0.0006,0.024,0.65,2400.0,1.2,0,0.9,24,3,0.125,other,grasp_6dof/dataset/gen_cylinder_patched_pruned.json,cylinder.urdf_pc2400_sq1.2_topk24_gen_cylinder_patched_pruned
2025-11-17 18:11:14,grasp_6dof/assets/cylinder.urdf,0.08,24,1,11,400,5,900.0,0.0006,0.018,0.9,2600.0,1.6,0,0.9,24,0,0.0,other,grasp_6dof/dataset/gen_cylinder_patched_pruned.json,cylinder.urdf_pc2600_sq1.6_topk24_gen_cylinder_patched_pruned
2025-11-17 19:33:00,grasp_6dof/assets/cylinder.urdf,0.08,24,1,11,400,5,900.0,0.0007,0.022,0.45,1800.0,0.9,0,0.9,24,0,0.0,other,grasp_6dof/dataset/gen_cylinder_patched_pruned.json,cylinder.urdf_pc1800_sq0.9_topk24_gen_cylinder_patched_pruned
2025-11-17 19:44:59,grasp_6dof/assets/cylinder.urdf,0.08,24,1,11,400,5,900.0,0.0007,0.022,0.45,1800.0,0.9,0,0.9,24,0,0.0,other,grasp_6dof/dataset/gen_cylinder_patched_pruned.json,cylinder.urdf_pc1800_sq0.9_topk24_gen_cylinder_patched_pruned
2025-11-17 23:24:38,grasp_6dof/assets/cylinder.urdf,0.08,24,1,11,400,5,900.0,0.0007,0.022,0.45,1800.0,0.9,0,0.9,24,0,0.0,other,grasp_6dof/dataset/gen_cylinder_patched_pruned.json,cylinder.urdf_pc1800_sq0.9_topk24_gen_cylinder_patched_pruned
2025-11-17 23:26:31,grasp_6dof/assets/cylinder.urdf,0.08,24,1,11,400,5,900.0,0.0007,0.022,0.45,1800.0,0.9,0,0.9,24,2,0.0833,other,grasp_6dof/dataset/gen_cylinder_patched_pruned.json,cylinder.urdf_pc1800_sq0.9_topk24_gen_cylinder_patched_pruned
2025-11-19 12:17:37,grasp_6dof/assets/cylinder.urdf,0.08,24,1,8,400,5,900.0,0.0005,0.017,0.7,2600.0,1.3,0,0.9,24,0,0.0,other,grasp_6dof/dataset/gen_cylinder_patched_pruned.json,cylinder.urdf_pc2600_sq1.3_topk24_gen_cylinder_patched_pruned
2025-11-19 16:36:15,grasp_6dof/assets/cylinder.urdf,0.08,24,1,11,400,5,900.0,0.0006,0.024,0.55,2400.0,1.2,0,0.9,24,3,0.125,other,grasp_6dof/dataset/gen_cylinder_patched_pruned.json,cylinder.urdf_pc2400_sq1.2_topk24_gen_cylinder_patched_pruned
2025-11-19 16:54:03,grasp_6dof/assets/cylinder.urdf,0.08,24,1,11,400,5,900.0,0.0005,0.022,0.7,2800.0,1.4,0,0.9,24,1,0.0417,other,grasp_6dof/dataset/gen_cylinder_patched_pruned.json,cylinder.urdf_pc2800_sq1.4_topk24_gen_cylinder_patched_pruned
2025-11-19 16:55:41,grasp_6dof/assets/cylinder.urdf,0.08,24,1,11,400,5,900.0,0.0006,0.026,0.6,2600.0,1.1,0,0.9,24,3,0.125,other,grasp_6dof/dataset/gen_cylinder_patched_pruned.json,cylinder.urdf_pc2600_sq1.1_topk24_gen_cylinder_patched_pruned
2025-11-19 18:35:39,grasp_6dof/assets/cylinder.urdf,0.08,24,1,11,400,5,900.0,0.0006,0.022,0.6,500.0,1.2,0,0.9,24,3,0.125,other,grasp_6dof/dataset/gen_cylinder_patched_pruned.json,cylinder.urdf_pc500_sq1.2_topk24_gen_cylinder_patched_pruned
2025-11-19 18:38:46,grasp_6dof/assets/cylinder.urdf,0.08,24,1,11,400,5,900.0,0.0005,0.02,0.55,500.0,1.4,0,0.9,24,4,0.1667,other,grasp_6dof/dataset/gen_cylinder_patched_pruned.json,cylinder.urdf_pc500_sq1.4_topk24_gen_cylinder_patched_pruned
2025-11-19 18:40:22,grasp_6dof/assets/cylinder.urdf,0.08,24,1,11,400,5,900.0,0.0006,0.024,0.65,550.0,1.3,0,0.9,24,3,0.125,other,grasp_6dof/dataset/gen_cylinder_patched_pruned.json,cylinder.urdf_pc550_sq1.3_topk24_gen_cylinder_patched_pruned
2025-11-19 18:58:15,grasp_6dof/assets/cylinder.urdf,0.08,24,1,11,400,5,900.0,0.0005,0.02,0.55,500.0,1.4,0,0.9,24,4,0.1667,other,grasp_6dof/dataset/gen_cylinder_patched_pruned.json,cylinder.urdf_pc500_sq1.4_topk24_gen_cylinder_patched_pruned
2025-11-19 20:19:02,grasp_6dof/assets/cylinder.urdf,0.08,24,1,11,400,5,900.0,0.0006,0.022,0.6,520.0,1.35,0,0.9,24,2,0.0833,other,grasp_6dof/dataset/gen_cylinder_patched_pruned.json,cylinder.urdf_pc520_sq1.35_topk24_gen_cylinder_patched_pruned
2025-11-19 21:54:20,grasp_6dof/assets/cylinder.urdf,0.08,24,1,11,400,5,900.0,0.0006,0.022,0.6,520.0,1.35,0,0.9,12,0,0.0,other,/mnt/data/gen_cylinder_patched_pruned.json,cylinder.urdf_pc520_sq1.35_topk24_gen_cylinder_patched_pruned
2025-11-19 22:26:13,grasp_6dof/assets/cylinder.urdf,0.08,24,1,11,400,5,900.0,0.0006,0.024,0.6,540.0,1.35,0,0.9,12,0,0.0,other,/mnt/data/gen_cylinder_patched_pruned_FIXED.json,cylinder.urdf_pc540_sq1.35_topk24_gen_cylinder_patched_pruned_FIXED
2025-11-19 23:20:40,grasp_6dof/assets/cylinder.urdf,0.08,24,1,11,400,5,900.0,0.0006,0.024,0.6,540.0,1.35,0,0.9,24,0,0.0,other,grasp_6dof/dataset/gen_cylinder_patched_pruned.json,cylinder.urdf_pc540_sq1.35_topk24_gen_cylinder_patched_pruned
2025-11-19 23:37:36,grasp_6dof/assets/cylinder.urdf,0.08,24,1,11,400,5,900.0,0.0006,0.024,0.6,540.0,1.35,0,0.9,24,0,0.0,other,grasp_6dof/dataset/gen_cylinder_patched_pruned.json,cylinder.urdf_pc540_sq1.35_topk24_gen_cylinder_patched_pruned
2025-11-20 11:50:58,grasp_6dof/assets/cylinder.urdf,0.08,24,1,11,400,5,900.0,0.0006,0.024,0.6,540.0,1.35,0,0.9,24,0,0.0,other,grasp_6dof/dataset/gen_cylinder_patched_pruned.json,cylinder.urdf_pc540_sq1.35_topk24_gen_cylinder_patched_pruned
2025-11-20 12:16:02,grasp_6dof/assets/cylinder.urdf,0.08,24,1,11,400,5,900.0,0.0006,0.024,0.6,540.0,1.35,1,0.9,24,0,0.0,other,grasp_6dof/dataset/gen_cylinder_patched_pruned.json,cylinder.urdf_pc540_sq1.35_topk24_gen_cylinder_patched_pruned
2025-11-20 12:28:49,grasp_6dof/assets/cylinder.urdf,0.08,24,1,11,400,5,900.0,0.0006,0.024,0.6,540.0,1.35,1,0.9,24,3,0.125,other,grasp_6dof/dataset/gen_cylinder_patched_pruned.json,cylinder.urdf_pc540_sq1.35_topk24_gen_cylinder_patched_pruned
2025-11-20 12:31:20,grasp_6dof/assets/cylinder.urdf,0.08,0,1,11,400,5,900.0,0.0006,0.024,0.6,540.0,1.35,1,0.9,12,0,0.0,other,grasp_6dof/dataset/sample_grasps.json,cylinder.urdf_pc540_sq1.35_topk0_sample_grasps
2025-11-20 12:36:36,grasp_6dof/assets/cylinder.urdf,0.08,24,1,11,400,5,900.0,0.0006,0.024,0.6,540.0,1.35,1,0.9,24,3,0.125,other,grasp_6dof/dataset/gen_cylinder_patched_pruned.json,cylinder.urdf_pc540_sq1.35_topk24_gen_cylinder_patched_pruned
2025-11-20 12:40:00,grasp_6dof/assets/cylinder.urdf,0.08,0,1,11,400,5,900.0,0.0006,0.024,0.6,540.0,1.35,1,0.9,12,0,0.0,other,grasp_6dof/dataset/sample_grasps.json,cylinder.urdf_pc540_sq1.35_topk0_sample_grasps
2025-11-20 12:45:07,grasp_6dof/assets/cylinder.urdf,0.08,0,1,11,400,5,900.0,0.0006,0.024,0.6,540.0,1.35,1,0.9,12,0,0.0,other,grasp_6dof/dataset/sample_grasps.json,cylinder.urdf_pc540_sq1.35_topk0_sample_grasps
2025-11-20 12:55:07,grasp_6dof/assets/cylinder.urdf,0.08,24,1,11,400,5,900.0,0.0006,0.024,0.6,540.0,1.35,1,0.9,24,3,0.125,other,grasp_6dof/dataset/gen_cylinder_patched_pruned.json,cylinder.urdf_pc540_sq1.35_topk24_gen_cylinder_patched_pruned
2025-11-20 12:59:00,grasp_6dof/assets/cylinder.urdf,0.08,0,1,11,400,5,900.0,0.0006,0.024,0.6,540.0,1.35,1,0.9,12,0,0.0,other,grasp_6dof/dataset/sample_grasps.json,cylinder.urdf_pc540_sq1.35_topk0_sample_grasps
2025-11-20 13:07:11,grasp_6dof/assets/cylinder.urdf,0.08,24,1,11,400,5,900.0,0.0004,0.016,0.8,900.0,1.5,1,0.9,24,6,0.25,other,grasp_6dof/dataset/gen_cylinder_patched_pruned.json,cylinder.urdf_pc900_sq1.5_topk24_gen_cylinder_patched_pruned
2025-11-20 13:13:47,grasp_6dof/assets/cylinder.urdf,0.08,24,1,11,400,5,900.0,0.0004,0.016,0.8,900.0,1.5,1,0.9,24,6,0.25,other,grasp_6dof/dataset/gen_cylinder_patched_pruned.json,cylinder.urdf_pc900_sq1.5_topk24_gen_cylinder_patched_pruned
2025-11-20 14:50:46,grasp_6dof/assets/cylinder.urdf,0.08,24,1,11,400,5,900.0,0.0004,0.016,0.8,900.0,1.5,1,0.9,24,6,0.25,other,grasp_6dof/dataset/gen_cylinder_patched_pruned.json,cylinder.urdf_pc900_sq1.5_topk24_gen_cylinder_patched_pruned
2025-11-20 15:55:23,grasp_6dof/assets/cylinder.urdf,0.08,24,1,11,400,5,900.0,0.0004,0.016,0.8,900.0,1.5,1,0.9,24,6,0.25,other,grasp_6dof/dataset/gen_cylinder_patched_pruned.json,cylinder.urdf_pc900_sq1.5_topk24_gen_cylinder_patched_pruned
